Alarm Clock,Light Bulb,Paper Clips,Shoes,,
Table Lamp,Digital Camera,Chair,,,
Alarm Clock,Chair,Blanket,Digital Camera,,
Blanket,Light Bulb,Digital Camera,,,
Alarm Clock,Curtain,Paper Clips,,,
Curtain,Blanket,,,,
Alarm Clock,Chair,Table Lamp,,,
Digital Camera,Alarm Clock,Light Bulb,,,
Blanket,Pillow,Curtain,Chair,,
Light Bulb,Table Lamp,,,,
Shoes,Pillow,Curtain,Blanket,,
Alarm Clock,Digital Camera,Shoes,Chair,,
Alarm Clock,Blanket,Chair,Digital Camera,Pillow,
Paper Clips,Table Lamp,Chair,Alarm Clock,Light Bulb,
Chair,Light Bulb,Blanket,Curtain,,
Digital Camera,Alarm Clock,Light Bulb,Blanket,,
Alarm Clock,Shoes,Curtain,,,
Curtain,Pillow,Blanket,Shoes,,
Pillow,Blanket,,,,
Curtain,Chair,Blanket,Pillow,,
